{"loss":0.20763103452036563,"_timestamp":1.7424590551122358e+09,"_runtime":2.065527537,"_step":7,"_wandb":{"runtime":2},"acc":0.8648238252963026}